Machine,Origins,I,J,p,instance,ILP OPT,Accuarate,ifUnconstrained,underCapacity,overCapacity,runTime
DESKTOP-ASQ3AP9,400,1200,120,60.0,6,10501.33898291474,10501.201221213816,21967.705607368272,19,41,23618.985000133514
DESKTOP-ASQ3AP9,400,1200,120,60.0,7,9397.526233915165,9397.3932619841,18432.909309446615,21,39,116573.93799996376
DESKTOP-ASQ3AP9,400,1200,120,60.0,8,10206.318993636009,10206.18541898125,15464.727922582206,33,27,385223.75999999046
DESKTOP-ASQ3AP9,400,1200,120,60.0,9,10881.687777826533,10881.60419238121,17281.42550813429,19,41,11571.62700009346
