Machine,Origins,I,J,p,instance,ILP OPT,Accuarate,ifUnconstrained,underCapacity,overCapacity,runTime
DESKTOP-ASQ3AP9,400,1200,120,60.0,5,9632.295699352791,9632.171752258966,16247.896732922622,28,32,454456.22100019455
